day,y2
0.000000000000000000e+00,2.700000000000000000e+01
1.000000000000000021e-02,2.630209500799999844e+01
2.000000000000000042e-02,2.560836012800000105e+01
2.999999999999999889e-02,2.491876564800000082e+01
4.000000000000000083e-02,2.423328204799999952e+01
5.000000000000000278e-02,2.355188000000000059e+01
5.999999999999999778e-02,2.287453036799999850e+01
7.000000000000000666e-02,2.220120420800000005e+01
8.000000000000000167e-02,2.153187276799999950e+01
8.999999999999999667e-02,2.086650748799999988e+01
1.000000000000000056e-01,2.020507999999999882e+01
1.100000000000000006e-01,1.954756212799999915e+01
1.199999999999999956e-01,1.889392588799999828e+01
1.300000000000000044e-01,1.824414348799999885e+01
1.400000000000000133e-01,1.759818732800000163e+01
1.499999999999999944e-01,1.695602999999999838e+01
1.600000000000000033e-01,1.631764428800000033e+01
1.700000000000000122e-01,1.568300316800000083e+01
1.799999999999999933e-01,1.505207980800000023e+01
1.900000000000000022e-01,1.442484756800000056e+01
2.000000000000000111e-01,1.380128000000000021e+01
2.099999999999999922e-01,1.318135084799999923e+01
2.200000000000000011e-01,1.256503404799999934e+01
2.300000000000000100e-01,1.195230372800000040e+01
2.399999999999999911e-01,1.134313420800000038e+01
2.500000000000000000e-01,1.073750000000000071e+01
2.600000000000000089e-01,1.013537580799999915e+01
2.700000000000000178e-01,9.536736528000000490e+00
2.800000000000000266e-01,8.941557248000000513e+00
2.899999999999999800e-01,8.349813248000000243e+00
2.999999999999999889e-01,7.761479999999999713e+00
3.099999999999999978e-01,7.176533167999999741e+00
3.200000000000000067e-01,6.594948608000000156e+00
3.300000000000000155e-01,6.016702367999999801e+00
3.400000000000000244e-01,5.441770688000000078e+00
3.499999999999999778e-01,4.870129999999999626e+00
3.599999999999999867e-01,4.301756927999999647e+00
3.699999999999999956e-01,3.736628287999999909e+00
3.800000000000000044e-01,3.174721088000000080e+00
3.900000000000000133e-01,2.616012528000000170e+00
4.000000000000000222e-01,2.060480000000000089e+00
4.099999999999999756e-01,1.508101088000000090e+00
4.199999999999999845e-01,9.588535679999999894e-01
4.299999999999999933e-01,4.127154080000000058e-01
4.400000000000000022e-01,-1.303352319999999953e-01
4.500000000000000111e-01,-6.703200000000000269e-01
4.600000000000000200e-01,-1.207260352000000037e+00
4.699999999999999734e-01,-1.741177551999999906e+00
4.799999999999999822e-01,-2.272092671999999869e+00
4.899999999999999911e-01,-2.800026592000000036e+00
5.000000000000000000e-01,-3.325000000000000178e+00
5.100000000000000089e-01,-3.847033392000000163e+00
5.200000000000000178e-01,-4.366147072000000406e+00
5.300000000000000266e-01,-4.882361151999999649e+00
5.400000000000000355e-01,-5.395695552000000283e+00
5.500000000000000444e-01,-5.906170000000000364e+00
5.600000000000000533e-01,-6.413804031999999822e+00
5.699999999999999512e-01,-6.918616991999999577e+00
5.799999999999999600e-01,-7.420628031999999763e+00
5.899999999999999689e-01,-7.919856111999999726e+00
5.999999999999999778e-01,-8.416320000000000690e+00
6.099999999999999867e-01,-8.910038271999999537e+00
6.199999999999999956e-01,-9.401029312000000360e+00
6.300000000000000044e-01,-9.889311312000000243e+00
6.400000000000000133e-01,-1.037490227199999993e+01
6.500000000000000222e-01,-1.085782000000000025e+01
6.600000000000000311e-01,-1.133808211200000038e+01
6.700000000000000400e-01,-1.181570603199999958e+01
6.800000000000000488e-01,-1.229070899200000078e+01
6.899999999999999467e-01,-1.276310803199999988e+01
6.999999999999999556e-01,-1.323292000000000002e+01
7.099999999999999645e-01,-1.370016155200000085e+01
7.199999999999999734e-01,-1.416484915200000039e+01
7.299999999999999822e-01,-1.462699907200000027e+01
7.399999999999999911e-01,-1.508662739200000047e+01
7.500000000000000000e-01,-1.554374999999999929e+01
7.600000000000000089e-01,-1.599838259200000046e+01
7.700000000000000178e-01,-1.645054067199999892e+01
7.800000000000000266e-01,-1.690023955199999861e+01
7.900000000000000355e-01,-1.734749435199999823e+01
8.000000000000000444e-01,-1.779232000000000014e+01
8.100000000000000533e-01,-1.823473123200000146e+01
8.199999999999999512e-01,-1.867474259200000120e+01
8.299999999999999600e-01,-1.911236843200000024e+01
8.399999999999999689e-01,-1.954762291200000135e+01
8.499999999999999778e-01,-1.998051999999999850e+01
8.599999999999999867e-01,-2.041107347200000177e+01
8.699999999999999956e-01,-2.083929691199999823e+01
8.800000000000000044e-01,-2.126520371200000170e+01
8.900000000000000133e-01,-2.168880707199999947e+01
9.000000000000000222e-01,-2.211011999999999844e+01
9.100000000000000311e-01,-2.252915531200000032e+01
9.200000000000000400e-01,-2.294592563200000157e+01
9.300000000000000488e-01,-2.336044339200000053e+01
9.399999999999999467e-01,-2.377272083200000097e+01
9.499999999999999556e-01,-2.418277000000000143e+01
9.599999999999999645e-01,-2.459060275199999879e+01
9.699999999999999734e-01,-2.499623075199999889e+01
9.799999999999999822e-01,-2.539966547199999880e+01
9.899999999999999911e-01,-2.580091819200000103e+01
1.000000000000000000e+00,-2.619999999999999929e+01
1.010000000000000009e+00,-2.659692179199999984e+01
1.020000000000000018e+00,-2.699169427200000015e+01
1.030000000000000027e+00,-2.738432795199999958e+01
1.040000000000000036e+00,-2.777483315199999936e+01
1.050000000000000044e+00,-2.816321999999999903e+01
1.060000000000000053e+00,-2.854949843200000004e+01
1.070000000000000062e+00,-2.893367819199999857e+01
1.080000000000000071e+00,-2.931576883199999983e+01
1.090000000000000080e+00,-2.969577971200000022e+01
1.100000000000000089e+00,-3.007372000000000156e+01
1.110000000000000098e+00,-3.044959867200000048e+01
1.120000000000000107e+00,-3.082342451199999900e+01
1.129999999999999893e+00,-3.119520611200000104e+01
1.139999999999999902e+00,-3.156495187200000174e+01
1.149999999999999911e+00,-3.193267000000000166e+01
1.159999999999999920e+00,-3.229836851200000325e+01
1.169999999999999929e+00,-3.266205523200000016e+01
1.179999999999999938e+00,-3.302373779199999859e+01
1.189999999999999947e+00,-3.338342363200000307e+01
1.199999999999999956e+00,-3.374112000000000222e+01
1.209999999999999964e+00,-3.409683395199999723e+01
1.219999999999999973e+00,-3.445057235200000179e+01
1.229999999999999982e+00,-3.480234187199999951e+01
1.239999999999999991e+00,-3.515214899200000076e+01
1.250000000000000000e+00,-3.550000000000000000e+01
1.260000000000000009e+00,-3.584590099199999713e+01
1.270000000000000018e+00,-3.618985787199999749e+01
1.280000000000000027e+00,-3.653187635199999761e+01
1.290000000000000036e+00,-3.687196195199999948e+01
1.300000000000000044e+00,-3.721012000000000342e+01
1.310000000000000053e+00,-3.754635563200000092e+01
1.320000000000000062e+00,-3.788067379200000317e+01
1.330000000000000071e+00,-3.821307923199999834e+01
1.340000000000000080e+00,-3.854357651200000134e+01
1.350000000000000089e+00,-3.887216999999999700e+01
1.360000000000000098e+00,-3.919886387199999689e+01
1.370000000000000107e+00,-3.952366211199999668e+01
1.379999999999999893e+00,-3.984656851199999750e+01
1.389999999999999902e+00,-4.016758667199999877e+01
1.399999999999999911e+00,-4.048671999999999827e+01
1.409999999999999920e+00,-4.080397171199999917e+01
1.419999999999999929e+00,-4.111934483200000301e+01
1.429999999999999938e+00,-4.143284219200000251e+01
1.439999999999999947e+00,-4.174446643200000295e+01
1.449999999999999956e+00,-4.205422000000000082e+01
1.459999999999999964e+00,-4.236210515199999804e+01
1.469999999999999973e+00,-4.266812395200000196e+01
1.479999999999999982e+00,-4.297227827199999695e+01
1.489999999999999991e+00,-4.327456979200000120e+01
1.500000000000000000e+00,-4.357500000000000284e+01
1.510000000000000009e+00,-4.387357019200000252e+01
1.520000000000000018e+00,-4.417028147199999921e+01
1.530000000000000027e+00,-4.446513475199999732e+01
1.540000000000000036e+00,-4.475813075199999957e+01
1.550000000000000044e+00,-4.504926999999999992e+01
1.560000000000000053e+00,-4.533855283199999775e+01
1.570000000000000062e+00,-4.562597939199999786e+01
1.580000000000000071e+00,-4.591154963200000338e+01
1.590000000000000080e+00,-4.619526331200000158e+01
1.600000000000000089e+00,-4.647711999999999932e+01
1.610000000000000098e+00,-4.675711907200000184e+01
1.620000000000000107e+00,-4.703525971199999844e+01
1.629999999999999893e+00,-4.731154091199999812e+01
1.639999999999999902e+00,-4.758596147200000104e+01
1.649999999999999911e+00,-4.785851999999999862e+01
1.659999999999999920e+00,-4.812921491200000190e+01
1.669999999999999929e+00,-4.839804443199999895e+01
1.679999999999999938e+00,-4.866500659199999745e+01
1.689999999999999947e+00,-4.893009923200000344e+01
1.699999999999999956e+00,-4.919331999999999994e+01
1.709999999999999964e+00,-4.945466635199999672e+01
1.719999999999999973e+00,-4.971413555200000189e+01
1.729999999999999982e+00,-4.997172467200000057e+01
1.739999999999999991e+00,-5.022743059199999749e+01
1.750000000000000000e+00,-5.048125000000000284e+01
1.760000000000000009e+00,-5.073317939199999671e+01
1.770000000000000018e+00,-5.098321507200000013e+01
1.780000000000000027e+00,-5.123135315199999695e+01
1.790000000000000036e+00,-5.147758955199999775e+01
1.800000000000000044e+00,-5.172191999999999723e+01
1.810000000000000053e+00,-5.196434003200000262e+01
1.820000000000000062e+00,-5.220484499199999817e+01
1.830000000000000071e+00,-5.244343003200000197e+01
1.840000000000000080e+00,-5.268009011200000202e+01
1.850000000000000089e+00,-5.291481999999999886e+01
1.860000000000000098e+00,-5.314761427199999844e+01
1.870000000000000107e+00,-5.337846731199999795e+01
1.879999999999999893e+00,-5.360737331200000000e+01
1.889999999999999902e+00,-5.383432627199999843e+01
1.899999999999999911e+00,-5.405931999999999960e+01
1.909999999999999920e+00,-5.428234811200000109e+01
1.919999999999999929e+00,-5.450340403199999884e+01
1.929999999999999938e+00,-5.472248099200000127e+01
1.939999999999999947e+00,-5.493957203200000095e+01
1.949999999999999956e+00,-5.515467000000000297e+01
1.959999999999999964e+00,-5.536776755199999656e+01
1.969999999999999973e+00,-5.557885715199999765e+01
1.979999999999999982e+00,-5.578793107199999923e+01
1.989999999999999991e+00,-5.599498139199999969e+01
2.000000000000000000e+00,-5.620000000000000284e+01
2.009999999999999787e+00,-5.640297859199999664e+01
2.020000000000000018e+00,-5.660390867200000287e+01
2.029999999999999805e+00,-5.680278155199999901e+01
2.040000000000000036e+00,-5.699958835200000351e+01
2.049999999999999822e+00,-5.719431999999999761e+01
2.060000000000000053e+00,-5.738696723200000349e+01
2.069999999999999840e+00,-5.757752059199999906e+01
2.080000000000000071e+00,-5.776597043200000314e+01
2.089999999999999858e+00,-5.795230691199999740e+01
2.100000000000000089e+00,-5.813651999999999731e+01
2.109999999999999876e+00,-5.831859947200000249e+01
2.120000000000000107e+00,-5.849853491199999667e+01
2.129999999999999893e+00,-5.867631571199999740e+01
2.140000000000000124e+00,-5.885193107199999929e+01
2.149999999999999911e+00,-5.902537000000000234e+01
2.160000000000000142e+00,-5.919662131199999777e+01
2.169999999999999929e+00,-5.936567363199999647e+01
2.180000000000000160e+00,-5.953251539200000053e+01
2.189999999999999947e+00,-5.969713483200000326e+01
2.200000000000000178e+00,-5.985952000000000339e+01
2.209999999999999964e+00,-6.001965875199999800e+01
2.220000000000000195e+00,-6.017753875199999669e+01
2.229999999999999982e+00,-6.033314747200000028e+01
2.240000000000000213e+00,-6.048647219200000080e+01
2.250000000000000000e+00,-6.063750000000000284e+01
2.259999999999999787e+00,-6.078621779200000219e+01
2.270000000000000018e+00,-6.093261227200000008e+01
2.279999999999999805e+00,-6.107666995200000315e+01
2.290000000000000036e+00,-6.121837715200000218e+01
2.299999999999999822e+00,-6.135772000000000048e+01
2.310000000000000053e+00,-6.149468443199999967e+01
2.319999999999999840e+00,-6.162925619199999971e+01
2.330000000000000071e+00,-6.176142083199999888e+01
2.339999999999999858e+00,-6.189116371200000088e+01
2.350000000000000089e+00,-6.201847000000000065e+01
2.359999999999999876e+00,-6.214332467199999854e+01
2.370000000000000107e+00,-6.226571251200000034e+01
2.379999999999999893e+00,-6.238561811200000307e+01
2.390000000000000124e+00,-6.250302587200000204e+01
2.399999999999999911e+00,-6.261791999999999803e+01
2.410000000000000142e+00,-6.273028451199999722e+01
2.419999999999999929e+00,-6.284010323199999704e+01
2.430000000000000160e+00,-6.294735979200000031e+01
2.439999999999999947e+00,-6.305203763200000111e+01
2.450000000000000178e+00,-6.315411999999999892e+01
2.459999999999999964e+00,-6.325358995199999868e+01
2.470000000000000195e+00,-6.335043035199999650e+01
2.479999999999999982e+00,-6.344462387200000109e+01
2.490000000000000213e+00,-6.353615299199999811e+01
2.500000000000000000e+00,-6.362500000000000000e+01
2.509999999999999787e+00,-6.371114699200000331e+01
2.520000000000000018e+00,-6.379457587200000290e+01
2.529999999999999805e+00,-6.387526835199999908e+01
2.540000000000000036e+00,-6.395320595199999758e+01
2.549999999999999822e+00,-6.402836999999999534e+01
2.560000000000000053e+00,-6.410074163199999475e+01
2.569999999999999840e+00,-6.417030179200000362e+01
2.580000000000000071e+00,-6.423703123200000675e+01
2.589999999999999858e+00,-6.430091051200000152e+01
2.600000000000000089e+00,-6.436191999999999780e+01
2.609999999999999876e+00,-6.442003987200000381e+01
2.620000000000000107e+00,-6.447525011199999767e+01
2.629999999999999893e+00,-6.452753051199999845e+01
2.640000000000000124e+00,-6.457686067199999513e+01
2.649999999999999911e+00,-6.462322000000000344e+01
2.660000000000000142e+00,-6.466658771199999478e+01
2.669999999999999929e+00,-6.470694283199999575e+01
2.680000000000000160e+00,-6.474426419200000282e+01
2.689999999999999947e+00,-6.477853043199999661e+01
2.700000000000000178e+00,-6.480971999999999866e+01
2.709999999999999964e+00,-6.483781115200000045e+01
2.720000000000000195e+00,-6.486278195200000596e+01
2.729999999999999982e+00,-6.488461027200000331e+01
2.740000000000000213e+00,-6.490327379199999314e+01
2.750000000000000000e+00,-6.491875000000000284e+01
2.759999999999999787e+00,-6.493101619200000130e+01
2.770000000000000018e+00,-6.494004947199999833e+01
2.779999999999999805e+00,-6.494582675200000210e+01
2.790000000000000036e+00,-6.494832475200000488e+01
2.799999999999999822e+00,-6.494751999999999725e+01
2.810000000000000053e+00,-6.494338883199999657e+01
2.819999999999999840e+00,-6.493590739200000428e+01
2.830000000000000071e+00,-6.492505163200000595e+01
2.839999999999999858e+00,-6.491079731199999969e+01
2.850000000000000089e+00,-6.489311999999999614e+01
2.859999999999999876e+00,-6.487199507200000426e+01
2.870000000000000107e+00,-6.484739771200000291e+01
2.879999999999999893e+00,-6.481930291199999772e+01
2.890000000000000124e+00,-6.478768547200000683e+01
2.899999999999999911e+00,-6.475252000000000407e+01
2.910000000000000142e+00,-6.471378091200000426e+01
2.919999999999999929e+00,-6.467144243200000631e+01
2.930000000000000160e+00,-6.462547859199999323e+01
2.939999999999999947e+00,-6.457586323200000322e+01
2.950000000000000178e+00,-6.452257000000000176e+01
2.959999999999999964e+00,-6.446557235199999525e+01
2.970000000000000195e+00,-6.440484355200000266e+01
2.979999999999999982e+00,-6.434035667199999864e+01
2.990000000000000213e+00,-6.427208459199999879e+01
3.000000000000000000e+00,-6.420000000000000284e+01
3.009999999999999787e+00,-6.412407539199999462e+01
3.020000000000000018e+00,-6.404428307199999892e+01
3.029999999999999805e+00,-6.396059515200000334e+01
3.040000000000000036e+00,-6.387298355200000088e+01
3.049999999999999822e+00,-6.378141999999999712e+01
3.060000000000000053e+00,-6.368587603200000302e+01
3.069999999999999840e+00,-6.358632299199999949e+01
3.080000000000000071e+00,-6.348273203200000125e+01
3.089999999999999858e+00,-6.337507411200000007e+01
3.100000000000000089e+00,-6.326332000000000022e+01
3.109999999999999876e+00,-6.314744027199999721e+01
3.120000000000000107e+00,-6.302740531199999907e+01
3.129999999999999893e+00,-6.290318531199999796e+01
3.140000000000000124e+00,-6.277475027199999857e+01
3.149999999999999911e+00,-6.264206999999999681e+01
3.160000000000000142e+00,-6.250511411200000111e+01
3.169999999999999929e+00,-6.236385203199999694e+01
3.180000000000000160e+00,-6.221825299199999648e+01
3.189999999999999947e+00,-6.206828603200000316e+01
3.200000000000000178e+00,-6.191391999999999740e+01
3.209999999999999964e+00,-6.175512355200000059e+01
3.220000000000000195e+00,-6.159186515199999690e+01
3.229999999999999982e+00,-6.142411307199999726e+01
3.240000000000000213e+00,-6.125183539199999672e+01
3.250000000000000000e+00,-6.107500000000000284e+01
3.259999999999999787e+00,-6.089357459200000022e+01
3.270000000000000018e+00,-6.070752667200000019e+01
3.279999999999999805e+00,-6.051682355199999819e+01
3.290000000000000036e+00,-6.032143235200000220e+01
3.299999999999999822e+00,-6.012131999999999721e+01
3.310000000000000053e+00,-5.991645323200000206e+01
3.319999999999999840e+00,-5.970679859199999839e+01
3.330000000000000071e+00,-5.949232243200000170e+01
3.339999999999999858e+00,-5.927299091199999737e+01
3.350000000000000089e+00,-5.904876999999999754e+01
3.359999999999999876e+00,-5.881962547199999847e+01
3.370000000000000107e+00,-5.858552291200000184e+01
3.379999999999999893e+00,-5.834642771200000055e+01
3.390000000000000124e+00,-5.810230507200000005e+01
3.399999999999999911e+00,-5.785311999999999699e+01
3.410000000000000142e+00,-5.759883731200000057e+01
3.419999999999999929e+00,-5.733942163199999698e+01
3.430000000000000160e+00,-5.707483739199999917e+01
3.439999999999999947e+00,-5.680504883199999711e+01
3.450000000000000178e+00,-5.653002000000000038e+01
3.459999999999999964e+00,-5.624971475200000270e+01
3.470000000000000195e+00,-5.596409675200000322e+01
3.479999999999999982e+00,-5.567312947199999940e+01
3.490000000000000213e+00,-5.537677619200000123e+01
3.500000000000000000e+00,-5.507500000000000284e+01
3.509999999999999787e+00,-5.476776379199999667e+01
3.520000000000000018e+00,-5.445503027200000190e+01
3.529999999999999805e+00,-5.413676195200000052e+01
3.540000000000000036e+00,-5.381292115200000126e+01
3.549999999999999822e+00,-5.348346999999999696e+01
3.560000000000000053e+00,-5.314837043200000011e+01
3.569999999999999840e+00,-5.280758419200000020e+01
3.580000000000000071e+00,-5.246107283199999927e+01
3.589999999999999858e+00,-5.210879771199999766e+01
3.600000000000000089e+00,-5.175072000000000116e+01
3.609999999999999876e+00,-5.138680067199999968e+01
3.620000000000000107e+00,-5.101700051200000274e+01
3.629999999999999893e+00,-5.064128011199999690e+01
3.640000000000000124e+00,-5.025959987200000256e+01
3.649999999999999911e+00,-4.987192000000000291e+01
3.660000000000000142e+00,-4.947820051200000080e+01
3.669999999999999929e+00,-4.907840123199999738e+01
3.680000000000000160e+00,-4.867248179199999925e+01
3.689999999999999947e+00,-4.826040163199999711e+01
3.700000000000000178e+00,-4.784212000000000131e+01
3.709999999999999964e+00,-4.741759595199999922e+01
3.720000000000000195e+00,-4.698678835199999781e+01
3.729999999999999982e+00,-4.654965587200000243e+01
3.740000000000000213e+00,-4.610615699200000250e+01
3.750000000000000000e+00,-4.565625000000000000e+01
3.759999999999999787e+00,-4.519989299200000232e+01
3.770000000000000018e+00,-4.473704387200000099e+01
3.779999999999999805e+00,-4.426766035200000005e+01
3.790000000000000036e+00,-4.379169995200000187e+01
3.799999999999999822e+00,-4.330912000000000006e+01
3.810000000000000053e+00,-4.281987763200000074e+01
3.819999999999999840e+00,-4.232392979200000127e+01
3.830000000000000071e+00,-4.182123323199999732e+01
3.839999999999999858e+00,-4.131174451199999709e+01
3.850000000000000089e+00,-4.079542000000000002e+01
3.859999999999999876e+00,-4.027221587199999675e+01
3.870000000000000107e+00,-3.974208811199999758e+01
3.879999999999999893e+00,-3.920499251199999691e+01
3.890000000000000124e+00,-3.866088467200000167e+01
3.899999999999999911e+00,-3.810972000000000293e+01
3.910000000000000142e+00,-3.755145371199999715e+01
3.919999999999999929e+00,-3.698604083200000048e+01
3.930000000000000160e+00,-3.641343619199999893e+01
3.939999999999999947e+00,-3.583359443199999816e+01
3.950000000000000178e+00,-3.524647000000000219e+01
3.959999999999999964e+00,-3.465201715199999910e+01
3.970000000000000195e+00,-3.405018995199999665e+01
3.979999999999999982e+00,-3.344094227200000091e+01
3.990000000000000213e+00,-3.282422779200000207e+01
4.000000000000000000e+00,-3.220000000000000284e+01
4.009999999999999787e+00,-3.156821219200000073e+01
4.019999999999999574e+00,-3.092881747199999865e+01
4.030000000000000249e+00,-3.028176875200000140e+01
4.040000000000000036e+00,-2.962701875200000146e+01
4.049999999999999822e+00,-2.896452000000000027e+01
4.059999999999999609e+00,-2.829422483200000116e+01
4.070000000000000284e+00,-2.761608539199999868e+01
4.080000000000000071e+00,-2.693005363199999991e+01
4.089999999999999858e+00,-2.623608131199999960e+01
4.099999999999999645e+00,-2.553412000000000148e+01
4.110000000000000320e+00,-2.482412107200000051e+01
4.120000000000000107e+00,-2.410603571200000061e+01
4.129999999999999893e+00,-2.337981491200000050e+01
4.139999999999999680e+00,-2.264540947200000076e+01
4.150000000000000355e+00,-2.190277000000000029e+01
4.160000000000000142e+00,-2.115184691199999989e+01
4.169999999999999929e+00,-2.039259043199999866e+01
4.179999999999999716e+00,-1.962495059200000114e+01
4.190000000000000391e+00,-1.884887723199999954e+01
4.200000000000000178e+00,-1.806431999999999860e+01
4.209999999999999964e+00,-1.727122835200000139e+01
4.219999999999999751e+00,-1.646955155199999865e+01
4.230000000000000426e+00,-1.565923867200000075e+01
4.240000000000000213e+00,-1.484023859200000039e+01
4.250000000000000000e+00,-1.401249999999999929e+01
4.259999999999999787e+00,-1.317597139199999923e+01
4.269999999999999574e+00,-1.233060107200000033e+01
4.280000000000000249e+00,-1.147633715199999926e+01
4.290000000000000036e+00,-1.061312755199999991e+01
4.299999999999999822e+00,-9.740920000003999490e+00
4.309999999999999609e+00,-8.859662032003999599e+00
4.320000000000000284e+00,-7.969300992004000328e+00
4.330000000000000071e+00,-7.069784032003999741e+00
4.339999999999999858e+00,-6.161058112004000442e+00
4.349999999999999645e+00,-5.243070000003999809e+00
4.360000000000000320e+00,-4.315766272004999848e+00
4.370000000000000107e+00,-3.379093312005000183e+00
4.379999999999999893e+00,-2.432997312004999912e+00
4.389999999999999680e+00,-1.477424272004999928e+00
4.400000000000000355e+00,-5.123200000047000158e-01
4.410000000000000142e+00,4.623698879952000129e-01
4.419999999999999929e+00,1.446699967994999891e+00
4.429999999999999716e+00,2.440725007994999807e+00
4.440000000000000391e+00,3.444499967995000134e+00
4.450000000000000178e+00,4.458079999995000264e+00
4.459999999999999964e+00,5.481520447994999934e+00
4.469999999999999751e+00,6.514876847994999665e+00
4.480000000000000426e+00,7.558204927994999878e+00
4.490000000000000213e+00,8.611560607994999117e+00
4.500000000000000000e+00,9.674999999994000177e+00
4.509999999999999787e+00,1.074857940799000033e+01
4.519999999999999574e+00,1.183235532798999934e+01
4.530000000000000249e+00,1.292638444798999942e+01
4.540000000000000036e+00,1.403072364798999949e+01
4.549999999999999822e+00,1.514542999999000017e+01
4.559999999999999609e+00,1.627056076798999840e+01
4.570000000000000284e+00,1.740617340798999990e+01
4.580000000000000071e+00,1.855232556798999966e+01
4.589999999999999858e+00,1.970907508799000141e+01
4.599999999999999645e+00,2.087647999998999992e+01
4.610000000000000320e+00,2.205459852798999876e+01
4.620000000000000107e+00,2.324348908798999958e+01
4.629999999999999893e+00,2.444321028798999862e+01
4.639999999999999680e+00,2.565382092799000091e+01
4.650000000000000355e+00,2.687537999998999894e+01
4.660000000000000142e+00,2.810794668799000107e+01
4.669999999999999929e+00,2.935158036798999959e+01
4.679999999999999716e+00,3.060634060798999911e+01
4.690000000000000391e+00,3.187228716798999884e+01
4.700000000000000178e+00,3.314947999998999961e+01
4.709999999999999964e+00,3.443797924799000043e+01
4.719999999999999751e+00,3.573784524799000195e+01
4.730000000000000426e+00,3.704913852799000296e+01
4.740000000000000213e+00,3.837191980798999680e+01
4.750000000000000000e+00,3.970624999998999982e+01
4.759999999999999787e+00,4.105219020799000162e+01
4.769999999999999574e+00,4.240980172799000059e+01
4.780000000000000249e+00,4.377914604798999676e+01
4.790000000000000036e+00,4.516028484798999898e+01
4.799999999999999822e+00,4.655327999999000355e+01
4.809999999999999609e+00,4.795819356799000133e+01
4.820000000000000284e+00,4.937508780798999908e+01
4.830000000000000071e+00,5.080402516798999812e+01
4.839999999999999858e+00,5.224506828799000147e+01
4.849999999999999645e+00,5.369827999998999957e+01
4.860000000000000320e+00,5.516372332798999878e+01
4.870000000000000107e+00,5.664146148799000002e+01
4.879999999999999893e+00,5.813155788798999879e+01
4.889999999999999680e+00,5.963407612798999935e+01
4.900000000000000355e+00,6.114907999999000054e+01
4.910000000000000142e+00,6.267663348799000289e+01
4.919999999999999929e+00,6.421680076798999437e+01
4.929999999999999716e+00,6.576964620798999306e+01
4.940000000000000391e+00,6.733523436798999739e+01
4.950000000000000178e+00,6.891362999998999328e+01
4.959999999999999964e+00,7.050489804798999671e+01
4.969999999999999751e+00,7.210910364798999694e+01
4.980000000000000426e+00,7.372631212798999911e+01
4.990000000000000213e+00,7.535658900798999582e+01
5.000000000000000000e+00,7.699999999998999556e+01
5.009999999999999787e+00,7.865661100798999428e+01
5.019999999999999574e+00,8.032648812799000382e+01
5.030000000000000249e+00,8.200969764798999506e+01
5.040000000000000036e+00,8.370630604798999741e+01
5.049999999999999822e+00,8.541637999998999931e+01
5.059999999999999609e+00,8.713998636799000508e+01
5.070000000000000284e+00,8.887719220799000652e+01
5.080000000000000071e+00,9.062806476798999711e+01
5.089999999999999858e+00,9.239267148799000040e+01
5.099999999999999645e+00,9.417107999998999901e+01
5.110000000000000320e+00,9.596335812799000564e+01
5.120000000000000107e+00,9.776957388799000626e+01
5.129999999999999893e+00,9.958979548799000270e+01
5.139999999999999680e+00,1.014240913280000029e+02
5.150000000000000355e+00,1.032725300000000033e+02
5.160000000000000142e+00,1.051351802880000008e+02
5.169999999999999929e+00,1.070121111680000041e+02
5.179999999999999716e+00,1.089033918079999950e+02
5.190000000000000391e+00,1.108090915679999995e+02
5.200000000000000178e+00,1.127292800000000028e+02
5.209999999999999964e+00,1.146640268480000060e+02
5.219999999999999751e+00,1.166134020479999975e+02
5.230000000000000426e+00,1.185774757279999960e+02
5.240000000000000213e+00,1.205563182079999933e+02
5.250000000000000000e+00,1.225499999999999972e+02
5.259999999999999787e+00,1.245585918080000027e+02
5.269999999999999574e+00,1.265821645280000070e+02
5.280000000000000249e+00,1.286207892479999941e+02
5.290000000000000036e+00,1.306745372480000071e+02
5.299999999999999822e+00,1.327434800000000052e+02
5.309999999999999609e+00,1.348276891680000062e+02
5.320000000000000284e+00,1.369272366079999870e+02
5.330000000000000071e+00,1.390421943679999970e+02
5.339999999999999858e+00,1.411726346879999880e+02
5.349999999999999645e+00,1.433186300000000131e+02
5.360000000000000320e+00,1.454802529279999987e+02
5.370000000000000107e+00,1.476575762880000013e+02
5.379999999999999893e+00,1.498506730880000077e+02
5.389999999999999680e+00,1.520596165279999923e+02
5.400000000000000355e+00,1.542844800000000021e+02
5.410000000000000142e+00,1.565253370879999864e+02
5.419999999999999929e+00,1.587822615679999956e+02
5.429999999999999716e+00,1.610553274080000108e+02
5.440000000000000391e+00,1.633446087680000005e+02
5.450000000000000178e+00,1.656501800000000060e+02
5.459999999999999964e+00,1.679721156479999991e+02
5.469999999999999751e+00,1.703104904479999959e+02
5.480000000000000426e+00,1.726653793280000002e+02
5.490000000000000213e+00,1.750368574080000030e+02
5.500000000000000000e+00,1.774250000000000114e+02
5.509999999999999787e+00,1.798298826079999913e+02
5.519999999999999574e+00,1.822515809280000099e+02
5.530000000000000249e+00,1.846901708480000082e+02
5.540000000000000036e+00,1.871457284479999998e+02
5.549999999999999822e+00,1.896183299999999861e+02
5.559999999999999609e+00,1.921080519680000123e+02
5.570000000000000284e+00,1.946149710079999977e+02
5.580000000000000071e+00,1.971391639679999912e+02
5.589999999999999858e+00,1.996807078880000006e+02
5.599999999999999645e+00,2.022396799999999928e+02
5.610000000000000320e+00,2.048161577280000074e+02
5.620000000000000107e+00,2.074102186879999863e+02
5.629999999999999893e+00,2.100219406880000008e+02
5.639999999999999680e+00,2.126514017279999962e+02
5.650000000000000355e+00,2.152986799999999903e+02
5.660000000000000142e+00,2.179638538879999885e+02
5.669999999999999929e+00,2.206470019680000121e+02
5.679999999999999716e+00,2.233482030080000129e+02
5.690000000000000391e+00,2.260675359679999872e+02
5.700000000000000178e+00,2.288050800000000038e+02
5.709999999999999964e+00,2.315609144480000055e+02
5.719999999999999751e+00,2.343351188480000076e+02
5.730000000000000426e+00,2.371277729280000131e+02
5.740000000000000213e+00,2.399389566080000122e+02
5.750000000000000000e+00,2.427687500000000114e+02
5.759999999999999787e+00,2.456172334080000041e+02
5.769999999999999574e+00,2.484844873280000002e+02
5.780000000000000249e+00,2.513705924479999965e+02
5.790000000000000036e+00,2.542756296480000060e+02
5.799999999999999822e+00,2.571996800000000007e+02
5.809999999999999609e+00,2.601428247680000254e+02
5.820000000000000284e+00,2.631051454079999985e+02
5.830000000000000071e+00,2.660867235680000249e+02
5.839999999999999858e+00,2.690876410879999980e+02
5.849999999999999645e+00,2.721079799999999977e+02
5.860000000000000320e+00,2.751478225280000061e+02
5.870000000000000107e+00,2.782072510880000209e+02
5.879999999999999893e+00,2.812863482879999992e+02
5.889999999999999680e+00,2.843851969280000276e+02
5.900000000000000355e+00,2.875038799999999810e+02
5.910000000000000142e+00,2.906424806879999778e+02
5.919999999999999929e+00,2.938010823679999817e+02
5.929999999999999716e+00,2.969797686079999721e+02
5.940000000000000391e+00,3.001786231680000014e+02
5.950000000000000178e+00,3.033977300000000241e+02
5.959999999999999964e+00,3.066371732480000105e+02
5.969999999999999751e+00,3.098970372480000037e+02
5.980000000000000426e+00,3.131774065280000059e+02
5.990000000000000213e+00,3.164783658079999782e+02
6.000000000000000000e+00,3.198000000000000114e+02
6.009999999999999787e+00,3.231423942079999847e+02
6.019999999999999574e+00,3.265056337280000207e+02
6.030000000000000249e+00,3.298898040479999736e+02
6.040000000000000036e+00,3.332949908479999976e+02
6.049999999999999822e+00,3.367212799999999788e+02
6.059999999999999609e+00,3.401687575679999895e+02
6.070000000000000284e+00,3.436375098080000043e+02
6.080000000000000071e+00,3.471276231680000137e+02
6.089999999999999858e+00,3.506391842880000240e+02
6.099999999999999645e+00,3.541722800000000007e+02
6.110000000000000320e+00,3.577269973279999817e+02
6.120000000000000107e+00,3.613034234880000213e+02
6.129999999999999893e+00,3.649016458880000187e+02
6.139999999999999680e+00,3.685217521280000028e+02
6.150000000000000355e+00,3.721638300000000186e+02
6.160000000000000142e+00,3.758279674880000130e+02
6.169999999999999929e+00,3.795142527680000057e+02
6.179999999999999716e+00,3.832227742079999757e+02
6.190000000000000391e+00,3.869536203679999744e+02
6.200000000000000178e+00,3.907068800000000124e+02
6.209999999999999964e+00,3.944826420480000024e+02
6.219999999999999751e+00,3.982809956479999869e+02
6.230000000000000426e+00,4.021020301280000240e+02
6.240000000000000213e+00,4.059458350080000173e+02
6.250000000000000000e+00,4.098125000000000000e+02
6.259999999999999787e+00,4.137021150080000211e+02
6.269999999999999574e+00,4.176147701279999751e+02
6.280000000000000249e+00,4.215505556479999996e+02
6.290000000000000036e+00,4.255095620480000207e+02
6.299999999999999822e+00,4.294918799999999806e+02
6.309999999999999609e+00,4.334976003680000076e+02
6.320000000000000284e+00,4.375268142080000189e+02
6.330000000000000071e+00,4.415796127680000041e+02
6.339999999999999858e+00,4.456560874880000256e+02
6.349999999999999645e+00,4.497563299999999913e+02
6.360000000000000320e+00,4.538804321279999954e+02
6.370000000000000107e+00,4.580284858879999774e+02
6.379999999999999893e+00,4.622005834880000066e+02
6.389999999999999680e+00,4.663968173279999974e+02
6.400000000000000355e+00,4.706172799999999938e+02
6.410000000000000142e+00,4.748620642879999991e+02
6.419999999999999929e+00,4.791312631679999754e+02
6.429999999999999716e+00,4.834249698080000144e+02
6.440000000000000391e+00,4.877432775679999963e+02
6.450000000000000178e+00,4.920862799999999879e+02
6.459999999999999964e+00,4.964540708480000148e+02
6.469999999999999751e+00,5.008467440480000050e+02
6.480000000000000426e+00,5.052643937280000159e+02
6.490000000000000213e+00,5.097071142080000072e+02
6.500000000000000000e+00,5.141749999999999545e+02
6.509999999999999787e+00,5.186681458079999629e+02
6.519999999999999574e+00,5.231866465279999829e+02
6.530000000000000249e+00,5.277305972479999809e+02
6.540000000000000036e+00,5.323000932480000529e+02
6.549999999999999822e+00,5.368952299999999696e+02
6.559999999999999609e+00,5.415161031679999724e+02
6.570000000000000284e+00,5.461628086079999775e+02
6.580000000000000071e+00,5.508354423680000309e+02
6.589999999999999858e+00,5.555341006879999668e+02
6.599999999999999645e+00,5.602588799999999765e+02
6.610000000000000320e+00,5.650098769280000397e+02
6.620000000000000107e+00,5.697871882880000385e+02
6.629999999999999893e+00,5.745909110879999844e+02
6.639999999999999680e+00,5.794211425280000185e+02
6.650000000000000355e+00,5.842779799999999568e+02
6.660000000000000142e+00,5.891615210879999722e+02
6.669999999999999929e+00,5.940718635680000261e+02
6.679999999999999716e+00,5.990091054079999822e+02
6.690000000000000391e+00,6.039733447679999472e+02
6.700000000000000178e+00,6.089646800000000439e+02
6.709999999999999964e+00,6.139832096479999564e+02
6.719999999999999751e+00,6.190290324479000219e+02
6.730000000000000426e+00,6.241022473279000451e+02
6.740000000000000213e+00,6.292029534079000541e+02
6.750000000000000000e+00,6.343312499999000238e+02
6.759999999999999787e+00,6.394872366078999448e+02
6.769999999999999574e+00,6.446710129279000512e+02
6.780000000000000249e+00,6.498826788479000243e+02
6.790000000000000036e+00,6.551223344479000161e+02
6.799999999999999822e+00,6.603900799998999673e+02
6.809999999999999609e+00,6.656860159678999480e+02
6.820000000000000284e+00,6.710102430079000442e+02
6.830000000000000071e+00,6.763628619679000167e+02
6.839999999999999858e+00,6.817439738878999833e+02
6.849999999999999645e+00,6.871536799998999641e+02
6.860000000000000320e+00,6.925920817278999948e+02
6.870000000000000107e+00,6.980592806879000136e+02
6.879999999999999893e+00,7.035553786878999745e+02
6.889999999999999680e+00,7.090804777278999609e+02
6.900000000000000355e+00,7.146346799998999586e+02
6.910000000000000142e+00,7.202180878878999692e+02
6.919999999999999929e+00,7.258308039679000103e+02
6.929999999999999716e+00,7.314729310079000015e+02
6.940000000000000391e+00,7.371445719678999922e+02
6.950000000000000178e+00,7.428458299999000474e+02
6.959999999999999964e+00,7.485768084479000208e+02
6.969999999999999751e+00,7.543376108479000095e+02
6.980000000000000426e+00,7.601283409279000125e+02
6.990000000000000213e+00,7.659491026079000449e+02
7.000000000000000000e+00,7.717999999999000238e+02
7.009999999999999787e+00,7.776811374078999961e+02
7.019999999999999574e+00,7.835926193279000245e+02
7.030000000000000249e+00,7.895345504478999601e+02
7.040000000000000036e+00,7.955070356479000111e+02
7.049999999999999822e+00,8.015101799998999468e+02
7.059999999999999609e+00,8.075440887679000070e+02
7.070000000000000284e+00,8.136088674078999929e+02
7.080000000000000071e+00,8.197046215678999488e+02
7.089999999999999858e+00,8.258314570879000485e+02
7.099999999999999645e+00,8.319894799999000270e+02
7.110000000000000320e+00,8.381787965278999764e+02
7.120000000000000107e+00,8.443995130879000044e+02
7.129999999999999893e+00,8.506517362879000075e+02
7.139999999999999680e+00,8.569355729279000116e+02
7.150000000000000355e+00,8.632511299998999448e+02
7.160000000000000142e+00,8.695985146878999785e+02
7.169999999999999929e+00,8.759778343678999590e+02
7.179999999999999716e+00,8.823891966078999758e+02
7.190000000000000391e+00,8.888327091679000205e+02
7.200000000000000178e+00,8.953084799998999870e+02
7.209999999999999964e+00,9.018166172479000124e+02
7.219999999999999751e+00,9.083572292479000225e+02
7.230000000000000426e+00,9.149304245278999588e+02
7.240000000000000213e+00,9.215363118079000060e+02
7.250000000000000000e+00,9.281749999999000238e+02
7.259999999999999787e+00,9.348465982079000014e+02
7.269999999999999574e+00,9.415512157278999439e+02
7.280000000000000249e+00,9.482889620478999859e+02
7.290000000000000036e+00,9.550599468479000507e+02
7.299999999999999822e+00,9.618642799998999635e+02
7.309999999999999609e+00,9.687020715679000205e+02
7.320000000000000284e+00,9.755734318078999650e+02
7.330000000000000071e+00,9.824784711679000111e+02
7.339999999999999858e+00,9.894173002879000478e+02
7.349999999999999645e+00,9.963900299998999799e+02
7.360000000000000320e+00,1.003396771328000000e+03
7.370000000000000107e+00,1.010437635487999955e+03
7.379999999999999893e+00,1.017512733887999957e+03
7.389999999999999680e+00,1.024622178128000087e+03
7.400000000000000355e+00,1.031766080000000102e+03
7.410000000000000142e+00,1.038944551487999888e+03
7.419999999999999929e+00,1.046157704768000031e+03
7.429999999999999716e+00,1.053405652207999992e+03
7.440000000000000391e+00,1.060688506367999935e+03
7.450000000000000178e+00,1.068006380000000036e+03
7.459999999999999964e+00,1.075359386048000033e+03
7.469999999999999751e+00,1.082747637647999909e+03
7.480000000000000426e+00,1.090171248127999888e+03
7.490000000000000213e+00,1.097630331007999985e+03
7.500000000000000000e+00,1.105125000000000000e+03
7.509999999999999787e+00,1.112655369007999980e+03
7.519999999999999574e+00,1.120221552127999985e+03
7.530000000000000249e+00,1.127823663648000093e+03
7.540000000000000036e+00,1.135461818047999941e+03
7.549999999999999822e+00,1.143136130000000094e+03
7.559999999999999609e+00,1.150846714367999994e+03
7.570000000000000284e+00,1.158593686208000008e+03
7.580000000000000071e+00,1.166377160768000067e+03
7.589999999999999858e+00,1.174197253487999888e+03
7.599999999999999645e+00,1.182054080000000113e+03
7.610000000000000320e+00,1.189947756128000037e+03
7.620000000000000107e+00,1.197878397888000109e+03
7.629999999999999893e+00,1.205846121488000108e+03
7.639999999999999680e+00,1.213851043328000060e+03
7.650000000000000355e+00,1.221893280000000004e+03
7.660000000000000142e+00,1.229972948287999998e+03
7.669999999999999929e+00,1.238090165168000112e+03
7.679999999999999716e+00,1.246245047807999981e+03
7.690000000000000391e+00,1.254437713567999936e+03
7.700000000000000178e+00,1.262668280000000095e+03
7.709999999999999964e+00,1.270936864847999914e+03
7.719999999999999751e+00,1.279243586047999997e+03
7.730000000000000426e+00,1.287588561728000059e+03
7.740000000000000213e+00,1.295971910208000054e+03
7.750000000000000000e+00,1.304393749999999955e+03
7.759999999999999787e+00,1.312854199807999976e+03
7.769999999999999574e+00,1.321353378527999894e+03
7.780000000000000249e+00,1.329891405247999955e+03
7.790000000000000036e+00,1.338468399247999969e+03
7.799999999999999822e+00,1.347084479999999985e+03
7.809999999999999609e+00,1.355739767168000071e+03
7.820000000000000284e+00,1.364434380608000083e+03
7.830000000000000071e+00,1.373168440367999892e+03
7.839999999999999858e+00,1.381942066688000068e+03
7.849999999999999645e+00,1.390755380000000059e+03
7.860000000000000320e+00,1.399608500928000012e+03
7.870000000000000107e+00,1.408501550288000089e+03
7.879999999999999893e+00,1.417434649088000015e+03
7.889999999999999680e+00,1.426407918527999982e+03
7.900000000000000355e+00,1.435421479999999974e+03
7.910000000000000142e+00,1.444475455087999990e+03
7.919999999999999929e+00,1.453569965568000043e+03
7.929999999999999716e+00,1.462705133407999938e+03
7.940000000000000391e+00,1.471881080767999947e+03
7.950000000000000178e+00,1.481097929999999906e+03
7.959999999999999964e+00,1.490355803647999892e+03
7.969999999999999751e+00,1.499654824447999999e+03
7.980000000000000426e+00,1.508995115328000111e+03
7.990000000000000213e+00,1.518376799407999897e+03
8.000000000000000000e+00,1.527799999999999955e+03
8.009999999999999787e+00,1.537264840607999986e+03
8.019999999999999574e+00,1.546771444927999937e+03
8.029999999999999361e+00,1.556319936847999998e+03
8.039999999999999147e+00,1.565910440447999918e+03
8.050000000000000711e+00,1.575543079999999918e+03
8.060000000000000497e+00,1.585217979968000009e+03
8.070000000000000284e+00,1.594935265007999988e+03
8.080000000000000071e+00,1.604695059967999896e+03
8.089999999999999858e+00,1.614497489888000018e+03
8.099999999999999645e+00,1.624342679999999973e+03
8.109999999999999432e+00,1.634230755728000076e+03
8.119999999999999218e+00,1.644161842687999979e+03
8.130000000000000782e+00,1.654136066688000028e+03
8.140000000000000568e+00,1.664153553727999906e+03
8.150000000000000355e+00,1.674214429999999993e+03
8.160000000000000142e+00,1.684318821888000002e+03
8.169999999999999929e+00,1.694466855967999891e+03
8.179999999999999716e+00,1.704658659008000086e+03
8.189999999999999503e+00,1.714894357967999895e+03
8.199999999999999289e+00,1.725174080000000004e+03
8.210000000000000853e+00,1.735497952447999978e+03
8.220000000000000639e+00,1.745866102848000082e+03
8.230000000000000426e+00,1.756278658927999913e+03
8.240000000000000213e+00,1.766735748607999994e+03
8.250000000000000000e+00,1.777237499999999955e+03
8.259999999999999787e+00,1.787784041407999894e+03
8.269999999999999574e+00,1.798375501327999928e+03
8.279999999999999361e+00,1.809012008447999960e+03
8.289999999999999147e+00,1.819693691647999913e+03
8.300000000000000711e+00,1.830420679999999948e+03
8.310000000000000497e+00,1.841193102768000017e+03
8.320000000000000284e+00,1.852011089408000089e+03
8.330000000000000071e+00,1.862874769567999920e+03
8.339999999999999858e+00,1.873784273087999964e+03
8.349999999999999645e+00,1.884739730000000009e+03
8.359999999999999432e+00,1.895741270528000086e+03
8.369999999999999218e+00,1.906789025088000017e+03
8.380000000000000782e+00,1.917883124288000090e+03
8.390000000000000568e+00,1.929023698927999931e+03
8.400000000000000355e+00,1.940210880000000088e+03
8.410000000000000142e+00,1.951444798687999992e+03
8.419999999999999929e+00,1.962725586367999995e+03
8.429999999999999716e+00,1.974053374608000013e+03
8.439999999999999503e+00,1.985428295167999977e+03
8.449999999999999289e+00,1.996850480000000061e+03
8.460000000000000853e+00,2.008320061248000002e+03
8.470000000000000639e+00,2.019837171248000004e+03
8.480000000000000426e+00,2.031401942528000063e+03
8.490000000000000213e+00,2.043014507807999962e+03
8.500000000000000000e+00,2.054675000000000182e+03
8.509999999999999787e+00,2.066383552207999855e+03
8.519999999999999574e+00,2.078140297727999950e+03
8.529999999999999361e+00,2.089945370047999859e+03
8.539999999999999147e+00,2.101798902848000125e+03
8.550000000000000711e+00,2.113701030000000173e+03
8.560000000000000497e+00,2.125651885568000125e+03
8.570000000000000284e+00,2.137651603807999891e+03
8.580000000000000071e+00,2.149700319168000078e+03
8.589999999999999858e+00,2.161798166288000175e+03
8.599999999999999645e+00,2.173945279999999912e+03
8.609999999999999432e+00,2.186141795328000171e+03
8.619999999999999218e+00,2.198387847487999807e+03
8.630000000000000782e+00,2.210683571888000188e+03
8.640000000000000568e+00,2.223029104128000199e+03
8.650000000000000355e+00,2.235424579999999878e+03
8.660000000000000142e+00,2.247870135487999960e+03
8.669999999999999929e+00,2.260365906768000059e+03
8.679999999999999716e+00,2.272912030208000033e+03
8.689999999999999503e+00,2.285508642367999983e+03
8.699999999999999289e+00,2.298155879999999797e+03
8.710000000000000853e+00,2.310853880048000065e+03
8.720000000000000639e+00,2.323602779647999796e+03
8.730000000000000426e+00,2.336402716128000066e+03
8.740000000000000213e+00,2.349253827007999917e+03
8.750000000000000000e+00,2.362156250000000000e+03
8.759999999999999787e+00,2.375110123007999846e+03
8.769999999999999574e+00,2.388115584128000137e+03
8.779999999999999361e+00,2.401172771647999980e+03
8.789999999999999147e+00,2.414281824048000090e+03
8.800000000000000711e+00,2.427442880000000059e+03
8.810000000000000497e+00,2.440656078368000180e+03
8.820000000000000284e+00,2.453921558208000079e+03
8.830000000000000071e+00,2.467239458768000077e+03
8.839999999999999858e+00,2.480609919487999832e+03
8.849999999999999645e+00,2.494033080000000155e+03
8.859999999999999432e+00,2.507509080127999823e+03
8.869999999999999218e+00,2.521038059888000134e+03
8.880000000000000782e+00,2.534620159487999899e+03
8.890000000000000568e+00,2.548255519327999991e+03
8.900000000000000355e+00,2.561944280000000163e+03
8.910000000000000142e+00,2.575686582287999954e+03
8.919999999999999929e+00,2.589482567168000060e+03
8.929999999999999716e+00,2.603332375808000052e+03
8.939999999999999503e+00,2.617236149568000201e+03
8.949999999999999289e+00,2.631194030000000112e+03
8.960000000000000853e+00,2.645206158848000086e+03
8.970000000000000639e+00,2.659272678048000216e+03
8.980000000000000426e+00,2.673393729727999926e+03
8.990000000000000213e+00,2.687569456207999792e+03
9.000000000000000000e+00,2.701800000000000182e+03
9.009999999999999787e+00,2.716085503807999885e+03
9.019999999999999574e+00,2.730426110528000208e+03
9.029999999999999361e+00,2.744821963247999975e+03
9.039999999999999147e+00,2.759273205248000068e+03
9.050000000000000711e+00,2.773779979999999796e+03
9.060000000000000497e+00,2.788342431168000076e+03
9.070000000000000284e+00,2.802960702607999792e+03
9.080000000000000071e+00,2.817634938367999894e+03
9.089999999999999858e+00,2.832365282688000207e+03
9.099999999999999645e+00,2.847151879999999892e+03
9.109999999999999432e+00,2.861994874928000172e+03
9.119999999999999218e+00,2.876894412287999785e+03
9.130000000000000782e+00,2.891850637087999985e+03
9.140000000000000568e+00,2.906863694527999996e+03
9.150000000000000355e+00,2.921933730000000196e+03
9.160000000000000142e+00,2.937060889087999840e+03
9.169999999999999929e+00,2.952245317567999791e+03
9.179999999999999716e+00,2.967487161407999793e+03
9.189999999999999503e+00,2.982786566767999830e+03
9.199999999999999289e+00,2.998143680000000131e+03
9.210000000000000853e+00,3.013558647647999805e+03
9.220000000000000639e+00,3.029031616448000023e+03
9.230000000000000426e+00,3.044562733327999922e+03
9.240000000000000213e+00,3.060152145407999797e+03
9.250000000000000000e+00,3.075800000000000182e+03
9.259999999999999787e+00,3.091506444608000038e+03
9.269999999999999574e+00,3.107271626927999932e+03
9.279999999999999361e+00,3.123095694848000221e+03
9.289999999999999147e+00,3.138978796448000139e+03
9.300000000000000711e+00,3.154921080000000075e+03
9.310000000000000497e+00,3.170922693968000203e+03
9.320000000000000284e+00,3.186983787008000036e+03
9.330000000000000071e+00,3.203104507967999780e+03
9.339999999999999858e+00,3.219285005887999887e+03
9.349999999999999645e+00,3.235525430000000142e+03
9.359999999999999432e+00,3.251825929728000119e+03
9.369999999999999218e+00,3.268186654688000090e+03
9.380000000000000782e+00,3.284607754688000114e+03
9.390000000000000568e+00,3.301089379728000040e+03
9.400000000000000355e+00,3.317631679999999960e+03
9.410000000000000142e+00,3.334234805888000210e+03
9.419999999999999929e+00,3.350898907968000003e+03
9.429999999999999716e+00,3.367624137008000162e+03
9.439999999999999503e+00,3.384410643967999931e+03
9.449999999999999289e+00,3.401258580000000165e+03
9.460000000000000853e+00,3.418168096448000142e+03
9.470000000000000639e+00,3.435139344847999837e+03
9.480000000000000426e+00,3.452172476927999924e+03
9.490000000000000213e+00,3.469267644607999955e+03
9.500000000000000000e+00,3.486425000000000182e+03
9.509999999999999787e+00,3.503644695408000189e+03
9.519999999999999574e+00,3.520926883327999803e+03
9.529999999999999361e+00,3.538271716448000006e+03
9.539999999999999147e+00,3.555679347648000203e+03
9.550000000000000711e+00,3.573149930000000040e+03
9.560000000000000497e+00,3.590683616767999865e+03
9.570000000000000284e+00,3.608280561407999812e+03
9.580000000000000071e+00,3.625940917567999804e+03
9.589999999999999858e+00,3.643664839088000008e+03
9.599999999999999645e+00,3.661452479999999923e+03
9.609999999999999432e+00,3.679303994528000203e+03
9.619999999999999218e+00,3.697219537087999925e+03
9.630000000000000782e+00,3.715199262288000227e+03
9.640000000000000568e+00,3.733243324928000220e+03
9.650000000000000355e+00,3.751351880000000165e+03
9.660000000000000142e+00,3.769525082688000111e+03
9.669999999999999929e+00,3.787763088367999899e+03
9.679999999999999716e+00,3.806066052608000064e+03
9.689999999999999503e+00,3.824434131168000022e+03
9.699999999999999289e+00,3.842867479999999887e+03
9.710000000000000853e+00,3.861366255248000016e+03
9.720000000000000639e+00,3.879930613248000100e+03
9.730000000000000426e+00,3.898560710528000072e+03
9.740000000000000213e+00,3.917256703808000111e+03
9.750000000000000000e+00,3.936018750000000182e+03
9.759999999999999787e+00,3.954847006208000039e+03
9.769999999999999574e+00,3.973741629728000134e+03
9.779999999999999361e+00,3.992702778047999800e+03
9.789999999999999147e+00,4.011730608847999974e+03
9.800000000000000711e+00,4.030825280000000021e+03
9.810000000000000497e+00,4.049986949568000000e+03
9.820000000000000284e+00,4.069215775808000217e+03
9.830000000000000071e+00,4.088511917167999854e+03
9.839999999999999858e+00,4.107875532287999704e+03
9.849999999999999645e+00,4.127306779999999890e+03
9.859999999999999432e+00,4.146805819328000325e+03
9.869999999999999218e+00,4.166372809487999803e+03
9.880000000000000782e+00,4.186007909887999631e+03
9.890000000000000568e+00,4.205711280127999999e+03
9.900000000000000355e+00,4.225483079999999973e+03
9.910000000000000142e+00,4.245323469488000228e+03
9.919999999999999929e+00,4.265232608768000318e+03
9.929999999999999716e+00,4.285210658207999586e+03
9.939999999999999503e+00,4.305257778367999890e+03
9.949999999999999289e+00,4.325374130000000150e+03
9.960000000000000853e+00,4.345559874047999983e+03
9.970000000000000639e+00,4.365815171647999705e+03
9.980000000000000426e+00,4.386140184128000328e+03
9.990000000000000213e+00,4.406535073007999927e+03
1.000000000000000000e+01,4.427000000000000000e+03
